AID,Source ID,chembl_cpds,pubchem_cpds,mismatch
449706,CHEMBL1040694,,5608,
1445,CHEMBL1613885,671.0,216987,0.9969076488453226
1619,CHEMBL1613799,827.0,216988,0.9961887293306543
504832,CHEMBL1794580,130745.0,304969,0.571284294469274
504834,CHEMBL1794345,169986.0,323200,0.47405321782178217
540271,CHEMBL1794396,504.0,826,0.3898305084745763
652041,CHEMBL2354251,246.0,278,0.11510791366906475
652047,CHEMBL2354306,221.0,278,0.20503597122302158
