AID,Source ID,chembl_cpds,pubchem_cpds,mismatch
1708,CHEMBL1614433,420.0,1273,0.6700706991358995
504941,CHEMBL1794497,189.0,1215,0.8444444444444444
