AID,Source ID,chembl_cpds,pubchem_cpds,mismatch
2423,CHEMBL1613820,1498,1836,0.1840958605664488
588604,CHEMBL1794509,33,311,0.8938906752411575
588606,CHEMBL1794422,28,311,0.909967845659164
588608,CHEMBL1794340,31,311,0.9003215434083601
