AID,Source ID,chembl_cpds,pubchem_cpds,mismatch
1626,CHEMBL1614183,2041.0,215098,0.9905113018252145
434955,CHEMBL1614080,876.0,327901,0.9973284619443064
449762,CHEMBL1614289,1933.0,327558,0.9940987550296436
449764,CHEMBL1614266,1727.0,2262,0.23651635720601238
540359,CHEMBL1794344,82.0,167,0.5089820359281437
624273,CHEMBL2114816,369.0,1047,0.6475644699140402
