AID,Source ID,chembl_cpds,pubchem_cpds,mismatch
1626,CHEMBL1614183,2041.0,215098,0.9905113018252145
449762,CHEMBL1614289,1933.0,327558,0.9940987550296436
449764,CHEMBL1614266,1727.0,2262,0.23651635720601238
488890,CHEMBL1738598,2148.0,324433,0.9933792185135297
489010,CHEMBL1737995,76.0,136,0.4411764705882353
492952,CHEMBL1738696,1453.0,2294,0.3666085440278989
540359,CHEMBL1794344,82.0,167,0.5089820359281437
624273,CHEMBL2114816,369.0,1047,0.6475644699140402
