AID,Source ID,chembl_cpds,pubchem_cpds,mismatch
493231,CHEMBL1737979,179.0,396,0.547979797979798
504944,CHEMBL1794330,17.0,105,0.8380952380952381
602389,CHEMBL1963878,12.0,105,0.8857142857142857
